"season","week","home_team","away_team","home_score","away_score"
2021,"Week 1","TB","DAL",31,29
2021,"Week 1","ATL","PHI",6,32
2021,"Week 1","BUF","PIT",16,23
2021,"Week 1","CAR","NYJ",19,14
2021,"Week 1","CIN","MIN",27,24
2021,"Week 1","DET","SF",33,41
2021,"Week 1","HOU","JAX",37,21
2021,"Week 1","IND","SEA",16,28
2021,"Week 1","TEN","ARI",13,38
2021,"Week 1","WAS","LAC",16,20
2021,"Week 1","KC","CLE",33,29
2021,"Week 1","NE","MIA",16,17
2021,"Week 1","NO","GB",38,3
2021,"Week 1","NYG","DEN",13,27
2021,"Week 1","LAR","CHI",34,14
2021,"Week 1","LV","BAL",33,27
2021,"Week 2","WAS","NYG",30,29
2021,"Week 2","CAR","NO",26,7
2021,"Week 2","CHI","CIN",20,17
2021,"Week 2","CLE","HOU",31,21
2021,"Week 2","IND","LAR",24,27
2021,"Week 2","JAX","DEN",13,23
2021,"Week 2","MIA","BUF",0,35
2021,"Week 2","NYJ","NE",6,25
2021,"Week 2","PHI","SF",11,17
2021,"Week 2","PIT","LV",17,26
2021,"Week 2","ARI","MIN",34,33
2021,"Week 2","TB","ATL",48,25
2021,"Week 2","LAC","DAL",17,20
2021,"Week 2","SEA","TEN",30,33
2021,"Week 2","BAL","KC",36,35
2021,"Week 2","GB","DET",35,17
2021,"Week 3","HOU","CAR",9,24
2021,"Week 3","BUF","WAS",43,21
2021,"Week 3","CLE","CHI",26,6
2021,"Week 3","DET","BAL",17,19
2021,"Week 3","JAX","ARI",19,31
2021,"Week 3","KC","LAC",24,30
2021,"Week 3","NE","NO",13,28
2021,"Week 3","NYG","ATL",14,17
2021,"Week 3","PIT","CIN",10,24
2021,"Week 3","TEN","IND",25,16
2021,"Week 3","DEN","NYJ",26,0
2021,"Week 3","LV","MIA",31,28
2021,"Week 3","LAR","TB",34,24
2021,"Week 3","MIN","SEA",30,17
2021,"Week 3","SF","GB",28,30
2021,"Week 3","DAL","PHI",41,21
2021,"Week 4","CIN","JAX",24,21
2021,"Week 4","ATL","WAS",30,34
2021,"Week 4","BUF","HOU",40,0
2021,"Week 4","CHI","DET",24,14
2021,"Week 4","DAL","CAR",36,28
2021,"Week 4","MIA","IND",17,27
2021,"Week 4","MIN","CLE",7,14
2021,"Week 4","NO","NYG",21,27
2021,"Week 4","NYJ","TEN",27,24
2021,"Week 4","PHI","KC",30,42
2021,"Week 4","LAR","ARI",20,37
2021,"Week 4","SF","SEA",21,28
2021,"Week 4","DEN","BAL",7,23
2021,"Week 4","GB","PIT",27,17
2021,"Week 4","NE","TB",17,19
2021,"Week 4","LAC","LV",28,14
2021,"Week 5","SEA","LAR",17,26
2021,"Week 5","ATL","NYJ",27,20
2021,"Week 5","CAR","PHI",18,21
2021,"Week 5","CIN","GB",22,25
2021,"Week 5","HOU","NE",22,25
2021,"Week 5","JAX","TEN",19,37
2021,"Week 5","MIN","DET",19,17
2021,"Week 5","PIT","DEN",27,19
2021,"Week 5","TB","MIA",45,17
2021,"Week 5","WAS","NO",22,33
2021,"Week 5","LAC","CLE",47,42
2021,"Week 5","LV","CHI",9,20
2021,"Week 5","ARI","SF",17,10
2021,"Week 5","DAL","NYG",44,20
2021,"Week 5","KC","BUF",20,38
2021,"Week 5","BAL","IND",31,25
2021,"Week 6","PHI","TB",22,28
2021,"Week 6","JAX","MIA",23,20
2021,"Week 6","BAL","LAC",34,6
2021,"Week 6","CAR","MIN",28,34
2021,"Week 6","CHI","GB",14,24
2021,"Week 6","DET","CIN",11,34
2021,"Week 6","IND","HOU",31,3
2021,"Week 6","NYG","LAR",11,38
2021,"Week 6","WAS","KC",13,31
2021,"Week 6","CLE","ARI",14,37
2021,"Week 6","DEN","LV",24,34
2021,"Week 6","NE","DAL",29,35
2021,"Week 6","PIT","SEA",23,20
2021,"Week 6","TEN","BUF",34,31
2021,"Week 7","CLE","DEN",17,14
2021,"Week 7","BAL","CIN",17,41
2021,"Week 7","GB","WAS",24,10
2021,"Week 7","MIA","ATL",28,30
2021,"Week 7","NE","NYJ",54,13
2021,"Week 7","NYG","CAR",25,3
2021,"Week 7","TEN","KC",27,3
2021,"Week 7","LAR","DET",28,19
2021,"Week 7","LV","PHI",33,22
2021,"Week 7","ARI","HOU",31,5
2021,"Week 7","TB","CHI",38,3
2021,"Week 7","SF","IND",18,30
2021,"Week 7","SEA","NO",10,13
2021,"Week 8","ARI","GB",21,24
2021,"Week 8","ATL","CAR",13,19
2021,"Week 8","BUF","MIA",26,11
2021,"Week 8","CHI","SF",22,33
2021,"Week 8","CLE","PIT",10,15
2021,"Week 8","DET","PHI",6,44
2021,"Week 8","HOU","LAR",22,38
2021,"Week 8","IND","TEN",31,34
2021,"Week 8","NYJ","CIN",34,31
2021,"Week 8","LAC","NE",24,27
2021,"Week 8","SEA","JAX",31,7
2021,"Week 8","DEN","WAS",17,10
2021,"Week 8","NO","TB",36,27
2021,"Week 8","MIN","DAL",16,20
2021,"Week 8","KC","NYG",20,17
2021,"Week 9","IND","NYJ",45,30
2021,"Week 9","BAL","MIN",34,31
2021,"Week 9","CAR","NE",6,24
2021,"Week 9","CIN","CLE",16,41
2021,"Week 9","DAL","DEN",16,30
2021,"Week 9","JAX","BUF",9,6
2021,"Week 9","MIA","HOU",17,9
2021,"Week 9","NO","ATL",25,27
2021,"Week 9","NYG","LV",23,16
2021,"Week 9","PHI","LAC",24,27
2021,"Week 9","KC","GB",13,7
2021,"Week 9","SF","ARI",17,31
2021,"Week 9","LAR","TEN",16,28
2021,"Week 9","PIT","CHI",29,27
2021,"Week 10","MIA","BAL",22,10
2021,"Week 10","DAL","ATL",43,3
2021,"Week 10","IND","JAX",23,17
2021,"Week 10","NE","CLE",45,7
2021,"Week 10","NYJ","BUF",17,45
2021,"Week 10","PIT","DET",16,16
2021,"Week 10","TEN","NO",23,21
2021,"Week 10","WAS","TB",29,19
2021,"Week 10","ARI","CAR",10,34
2021,"Week 10","LAC","MIN",20,27
2021,"Week 10","DEN","PHI",13,30
2021,"Week 10","GB","SEA",17,0
2021,"Week 10","LV","KC",14,41
2021,"Week 10","SF","LAR",31,10
2021,"Week 11","ATL","NE",0,25
2021,"Week 11","BUF","IND",15,41
2021,"Week 11","CAR","WAS",21,27
2021,"Week 11","CHI","BAL",13,16
2021,"Week 11","CLE","DET",13,10
2021,"Week 11","JAX","SF",10,30
2021,"Week 11","MIN","GB",34,31
2021,"Week 11","NYJ","MIA",17,24
2021,"Week 11","PHI","NO",40,29
2021,"Week 11","TEN","HOU",13,22
2021,"Week 11","LV","CIN",13,32
2021,"Week 11","KC","DAL",19,9
2021,"Week 11","SEA","ARI",13,23
2021,"Week 11","LAC","PIT",41,37
2021,"Week 11","TB","NYG",30,10
2021,"Week 12","DET","CHI",14,16
2021,"Week 12","DAL","LV",33,36
2021,"Week 12","NO","BUF",6,31
2021,"Week 12","CIN","PIT",41,10
2021,"Week 12","HOU","NYJ",14,21
2021,"Week 12","IND","TB",31,38
2021,"Week 12","JAX","ATL",14,21
2021,"Week 12","MIA","CAR",33,10
2021,"Week 12","NE","TEN",36,13
2021,"Week 12","NYG","PHI",13,7
2021,"Week 12","DEN","LAC",28,13
2021,"Week 12","GB","LAR",36,28
2021,"Week 12","SF","MIN",34,26
2021,"Week 12","BAL","CLE",16,10
2021,"Week 12","WAS","SEA",17,15
2021,"Week 13","NO","DAL",17,27
2021,"Week 13","ATL","TB",17,30
2021,"Week 13","CHI","ARI",22,33
2021,"Week 13","CIN","LAC",22,41
2021,"Week 13","DET","MIN",29,27
2021,"Week 13","HOU","IND",0,31
2021,"Week 13","MIA","NYG",20,9
2021,"Week 13","NYJ","PHI",18,33
2021,"Week 13","LAR","JAX",37,7
2021,"Week 13","LV","WAS",15,17
2021,"Week 13","PIT","BAL",20,19
2021,"Week 13","SEA","SF",30,23
2021,"Week 13","KC","DEN",22,9
2021,"Week 13","BUF","NE",10,14
2021,"Week 14","MIN","PIT",36,28
2021,"Week 14","CAR","ATL",21,29
2021,"Week 14","CLE","BAL",24,22
2021,"Week 14","HOU","SEA",13,33
2021,"Week 14","KC","LV",48,9
2021,"Week 14","NYJ","NO",9,30
2021,"Week 14","TEN","JAX",20,0
2021,"Week 14","WAS","DAL",20,27
2021,"Week 14","DEN","DET",38,10
2021,"Week 14","LAC","NYG",37,21
2021,"Week 14","CIN","SF",23,26
2021,"Week 14","TB","BUF",33,27
2021,"Week 14","GB","CHI",45,30
2021,"Week 14","ARI","LAR",23,30
2021,"Week 15","LAC","KC",28,34
2021,"Week 15","IND","NE",27,17
2021,"Week 15","BUF","CAR",31,14
2021,"Week 15","DET","ARI",30,12
2021,"Week 15","JAX","HOU",16,30
2021,"Week 15","MIA","NYJ",31,24
2021,"Week 15","NYG","DAL",6,21
2021,"Week 15","PIT","TEN",19,13
2021,"Week 15","DEN","CIN",10,15
2021,"Week 15","SF","ATL",31,13
2021,"Week 15","BAL","GB",30,31
2021,"Week 15","TB","NO",0,9
2021,"Week 15","CLE","LV",14,16
2021,"Week 15","CHI","MIN",9,17
2021,"Week 15","LAR","SEA",20,10
2021,"Week 15","PHI","WAS",27,17
2021,"Week 16","TEN","SF",20,17
2021,"Week 16","GB","CLE",24,22
2021,"Week 16","ARI","IND",16,22
2021,"Week 16","ATL","DET",20,16
2021,"Week 16","CAR","TB",6,32
2021,"Week 16","CIN","BAL",41,21
2021,"Week 16","HOU","LAC",41,29
2021,"Week 16","MIN","LAR",23,30
2021,"Week 16","NE","BUF",21,33
2021,"Week 16","NYJ","JAX",26,21
2021,"Week 16","PHI","NYG",34,10
2021,"Week 16","SEA","CHI",24,25
2021,"Week 16","KC","PIT",36,10
2021,"Week 16","LV","DEN",17,13
2021,"Week 16","DAL","WAS",56,14
2021,"Week 16","NO","MIA",3,20
2021,"Week 17","BAL","LAR",19,20
2021,"Week 17","BUF","ATL",29,15
2021,"Week 17","CHI","NYG",29,3
2021,"Week 17","CIN","KC",34,31
2021,"Week 17","IND","LV",20,23
2021,"Week 17","NE","JAX",50,10
2021,"Week 17","NYJ","TB",24,28
2021,"Week 17","TEN","MIA",34,3
2021,"Week 17","WAS","PHI",16,20
2021,"Week 17","LAC","DEN",34,13
2021,"Week 17","SF","HOU",23,7
2021,"Week 17","DAL","ARI",22,25
2021,"Week 17","NO","CAR",18,10
2021,"Week 17","SEA","DET",51,29
2021,"Week 17","GB","MIN",37,10
2021,"Week 17","PIT","CLE",26,14
2021,"Week 18","DEN","KC",24,28
2021,"Week 18","PHI","DAL",26,51
2021,"Week 18","BAL","PIT",13,16
2021,"Week 18","CLE","CIN",21,16
2021,"Week 18","DET","GB",37,30
2021,"Week 18","HOU","TEN",25,28
2021,"Week 18","JAX","IND",26,11
2021,"Week 18","MIN","CHI",31,17
2021,"Week 18","NYG","WAS",7,22
2021,"Week 18","ARI","SEA",30,38
2021,"Week 18","ATL","NO",20,30
2021,"Week 18","BUF","NYJ",27,10
2021,"Week 18","LAR","SF",24,27
2021,"Week 18","MIA","NE",33,24
2021,"Week 18","TB","CAR",41,17
2021,"Week 18","LV","LAC",35,32
2022,"Week 1","LAR","BUF",10,31
2022,"Week 1","ATL","NO",26,27
2022,"Week 1","CAR","CLE",24,26
2022,"Week 1","CHI","SF",19,10
2022,"Week 1","CIN","PIT",20,23
2022,"Week 1","DET","PHI",35,38
2022,"Week 1","HOU","IND",20,20
2022,"Week 1","MIA","NE",20,7
2022,"Week 1","NYJ","BAL",9,24
2022,"Week 1","WAS","JAX",28,22
2022,"Week 1","ARI","KC",21,44
2022,"Week 1","LAC","LV",24,19
2022,"Week 1","MIN","GB",23,7
2022,"Week 1","TEN","NYG",20,21
2022,"Week 1","DAL","TB",3,19
2022,"Week 1","SEA","DEN",17,16
2022,"Week 2","KC","LAC",27,24
2022,"Week 2","BAL","MIA",38,42
2022,"Week 2","CLE","NYJ",30,31
2022,"Week 2","DET","WAS",36,27
2022,"Week 2","JAX","IND",24,0
2022,"Week 2","NO","TB",10,20
2022,"Week 2","NYG","CAR",19,16
2022,"Week 2","PIT","NE",14,17
2022,"Week 2","LAR","ATL",31,27
2022,"Week 2","SF","SEA",27,7
2022,"Week 2","DAL","CIN",20,17
2022,"Week 2","DEN","HOU",16,9
2022,"Week 2","LV","ARI",23,29
2022,"Week 2","GB","CHI",27,10
2022,"Week 2","BUF","TEN",41,7
2022,"Week 2","PHI","MIN",24,7
2022,"Week 3","CLE","PIT",29,17
2022,"Week 3","CAR","NO",22,14
2022,"Week 3","CHI","HOU",23,20
2022,"Week 3","IND","KC",20,17
2022,"Week 3","MIA","BUF",21,19
2022,"Week 3","MIN","DET",28,24
2022,"Week 3","NE","BAL",26,37
2022,"Week 3","NYJ","CIN",12,27
2022,"Week 3","TEN","LV",24,22
2022,"Week 3","WAS","PHI",8,24
2022,"Week 3","LAC","JAX",10,38
2022,"Week 3","ARI","LAR",12,20
2022,"Week 3","SEA","ATL",23,27
2022,"Week 3","TB","GB",12,14
2022,"Week 3","DEN","SF",11,10
2022,"Week 3","NYG","DAL",16,23
2022,"Week 4","CIN","MIA",27,15
2022,"Week 4","NO","MIN",25,28
2022,"Week 4","ATL","CLE",23,20
2022,"Week 4","BAL","BUF",20,23
2022,"Week 4","DAL","WAS",25,10
2022,"Week 4","DET","SEA",45,48
2022,"Week 4","HOU","LAC",24,34
2022,"Week 4","IND","TEN",17,24
2022,"Week 4","NYG","CHI",20,12
2022,"Week 4","PHI","JAX",29,21
2022,"Week 4","PIT","NYJ",20,24
2022,"Week 4","CAR","ARI",16,26
2022,"Week 4","GB","NE",27,24
2022,"Week 4","LV","DEN",32,23
2022,"Week 4","TB","KC",31,41
2022,"Week 4","SF","LAR",24,9
2022,"Week 5","DEN","IND",9,12
2022,"Week 5","GB","NYG",22,27
2022,"Week 5","BUF","PIT",38,3
2022,"Week 5","CLE","LAC",28,30
2022,"Week 5","JAX","HOU",6,13
2022,"Week 5","MIN","CHI",29,22
2022,"Week 5","NE","DET",29,0
2022,"Week 5","NO","SEA",39,32
2022,"Week 5","NYJ","MIA",40,17
2022,"Week 5","TB","ATL",21,15
2022,"Week 5","WAS","TEN",17,21
2022,"Week 5","CAR","SF",15,37
2022,"Week 5","ARI","PHI",17,20
2022,"Week 5","LAR","DAL",10,22
2022,"Week 5","BAL","CIN",19,17
2022,"Week 5","KC","LV",30,29
2022,"Week 6","CHI","WAS",7,12
2022,"Week 6","ATL","SF",28,14
2022,"Week 6","CLE","NE",15,38
2022,"Week 6","GB","NYJ",10,27
2022,"Week 6","IND","JAX",34,27
2022,"Week 6","MIA","MIN",16,24
2022,"Week 6","NO","CIN",26,30
2022,"Week 6","NYG","BAL",24,20
2022,"Week 6","PIT","TB",20,18
2022,"Week 6","LAR","CAR",24,10
2022,"Week 6","SEA","ARI",19,9
2022,"Week 6","KC","BUF",20,24
2022,"Week 6","PHI","DAL",26,17
2022,"Week 6","LAC","DEN",19,16
2022,"Week 7","ARI","NO",42,34
2022,"Week 7","BAL","CLE",23,20
2022,"Week 7","CAR","TB",21,3
2022,"Week 7","CIN","ATL",35,17
2022,"Week 7","DAL","DET",24,6
2022,"Week 7","JAX","NYG",17,23
2022,"Week 7","TEN","IND",19,10
2022,"Week 7","WAS","GB",23,21
2022,"Week 7","DEN","NYJ",9,16
2022,"Week 7","LV","HOU",38,20
2022,"Week 7","LAC","SEA",23,37
2022,"Week 7","SF","KC",23,44
2022,"Week 7","MIA","PIT",16,10
2022,"Week 7","NE","CHI",14,33
2022,"Week 8","TB","BAL",22,27
2022,"Week 8","JAX","DEN",17,21
2022,"Week 8","ATL","CAR",37,34
2022,"Week 8","DAL","CHI",49,29
2022,"Week 8","DET","MIA",27,31
2022,"Week 8","MIN","ARI",34,26
2022,"Week 8","NO","LV",24,0
2022,"Week 8","NYJ","NE",17,22
2022,"Week 8","PHI","PIT",35,13
2022,"Week 8","HOU","TEN",10,17
2022,"Week 8","IND","WAS",16,17
2022,"Week 8","LAR","SF",14,31
2022,"Week 8","SEA","NYG",27,13
2022,"Week 8","BUF","GB",27,17
2022,"Week 8","CLE","CIN",32,13
2022,"Week 9","HOU","PHI",17,29
2022,"Week 9","ATL","LAC",17,20
2022,"Week 9","CHI","MIA",32,35
2022,"Week 9","CIN","CAR",42,21
2022,"Week 9","DET","GB",15,9
2022,"Week 9","JAX","LV",27,20
2022,"Week 9","NE","IND",26,3
2022,"Week 9","NYJ","BUF",20,17
2022,"Week 9","WAS","MIN",17,20
2022,"Week 9","ARI","SEA",21,31
2022,"Week 9","TB","LAR",16,13
2022,"Week 9","KC","TEN",20,17
2022,"Week 9","NO","BAL",13,27
2022,"Week 10","CAR","ATL",25,15
2022,"Week 10","TB","SEA",21,16
2022,"Week 10","BUF","MIN",30,33
2022,"Week 10","CHI","DET",30,31
2022,"Week 10","KC","JAX",27,17
2022,"Week 10","MIA","CLE",39,17
2022,"Week 10","NYG","HOU",24,16
2022,"Week 10","PIT","NO",20,10
2022,"Week 10","TEN","DEN",17,10
2022,"Week 10","LV","IND",20,25
2022,"Week 10","GB","DAL",31,28
2022,"Week 10","LAR","ARI",17,27
2022,"Week 10","SF","LAC",22,16
2022,"Week 10","PHI","WAS",21,32
2022,"Week 11","GB","TEN",17,27
2022,"Week 11","ATL","CHI",27,24
2022,"Week 11","BAL","CAR",13,3
2022,"Week 11","BUF","CLE",31,23
2022,"Week 11","HOU","WAS",10,23
2022,"Week 11","IND","PHI",16,17
2022,"Week 11","NE","NYJ",10,3
2022,"Week 11","NO","LAR",27,20
2022,"Week 11","NYG","DET",18,31
2022,"Week 11","DEN","LV",16,22
2022,"Week 11","MIN","DAL",3,40
2022,"Week 11","PIT","CIN",30,37
2022,"Week 11","LAC","KC",27,30
2022,"Week 11","ARI","SF",10,38
2022,"Week 12","DET","BUF",25,28
2022,"Week 12","DAL","NYG",28,20
2022,"Week 12","MIN","NE",33,26
2022,"Week 12","CAR","DEN",23,10
2022,"Week 12","CLE","TB",23,17
2022,"Week 12","JAX","BAL",28,27
2022,"Week 12","MIA","HOU",30,15
2022,"Week 12","NYJ","CHI",31,10
2022,"Week 12","TEN","CIN",16,20
2022,"Week 12","WAS","ATL",19,13
2022,"Week 12","ARI","LAC",24,25
2022,"Week 12","SEA","LV",34,40
2022,"Week 12","KC","LAR",26,10
2022,"Week 12","SF","NO",13,0
2022,"Week 12","PHI","GB",40,33
2022,"Week 12","IND","PIT",17,24
2022,"Week 13","NE","BUF",10,24
2022,"Week 13","ATL","PIT",16,19
2022,"Week 13","BAL","DEN",10,9
2022,"Week 13","CHI","GB",19,28
2022,"Week 13","DET","JAX",40,14
2022,"Week 13","HOU","CLE",14,27
2022,"Week 13","MIN","NYJ",27,22
2022,"Week 13","NYG","WAS",20,20
2022,"Week 13","PHI","TEN",35,10
2022,"Week 13","LAR","SEA",23,27
2022,"Week 13","SF","MIA",33,17
2022,"Week 13","CIN","KC",27,24
2022,"Week 13","LV","LAC",27,20
2022,"Week 13","DAL","IND",54,19
2022,"Week 13","TB","NO",17,16
2022,"Week 14","LAR","LV",17,16
2022,"Week 14","BUF","NYJ",20,12
2022,"Week 14","CIN","CLE",23,10
2022,"Week 14","DAL","HOU",27,23
2022,"Week 14","DET","MIN",34,23
2022,"Week 14","NYG","PHI",22,48
2022,"Week 14","PIT","BAL",14,16
2022,"Week 14","TEN","JAX",22,36
2022,"Week 14","DEN","KC",28,34
2022,"Week 14","SEA","CAR",24,30
2022,"Week 14","SF","TB",35,7
2022,"Week 14","LAC","MIA",23,17
2022,"Week 14","ARI","NE",13,27
2022,"Week 15","SEA","SF",13,21
2022,"Week 15","MIN","IND",39,36
2022,"Week 15","CLE","BAL",13,3
2022,"Week 15","BUF","MIA",32,29
2022,"Week 15","CAR","PIT",16,24
2022,"Week 15","CHI","PHI",20,25
2022,"Week 15","HOU","KC",24,30
2022,"Week 15","JAX","DAL",40,34
2022,"Week 15","NO","ATL",21,18
2022,"Week 15","NYJ","DET",17,20
2022,"Week 15","DEN","ARI",24,15
2022,"Week 15","LV","NE",30,24
2022,"Week 15","LAC","TEN",17,14
2022,"Week 15","TB","CIN",23,34
2022,"Week 15","WAS","NYG",12,20
2022,"Week 15","GB","LAR",24,12
2022,"Week 16","NYJ","JAX",3,19
2022,"Week 16","BAL","ATL",17,9
2022,"Week 16","CAR","DET",37,23
2022,"Week 16","CHI","BUF",13,35
2022,"Week 16","CLE","NO",10,17
2022,"Week 16","KC","SEA",24,10
2022,"Week 16","MIN","NYG",27,24
2022,"Week 16","NE","CIN",18,22
2022,"Week 16","TEN","HOU",14,19
2022,"Week 16","SF","WAS",37,20
2022,"Week 16","DAL","PHI",40,34
2022,"Week 16","PIT","LV",13,10
2022,"Week 16","MIA","GB",20,26
2022,"Week 16","LAR","DEN",51,14
2022,"Week 16","ARI","TB",16,19
2022,"Week 16","IND","LAC",3,20
2022,"Week 17","TEN","DAL",13,27
2022,"Week 17","ATL","ARI",20,19
2022,"Week 17","DET","CHI",41,10
2022,"Week 17","HOU","JAX",3,31
2022,"Week 17","KC","DEN",27,24
2022,"Week 17","NE","MIA",23,21
2022,"Week 17","NYG","IND",38,10
2022,"Week 17","PHI","NO",10,20
2022,"Week 17","TB","CAR",30,24
2022,"Week 17","WAS","CLE",10,24
2022,"Week 17","LV","SF",34,37
2022,"Week 17","SEA","NYJ",23,6
2022,"Week 17","GB","MIN",41,17
2022,"Week 17","LAC","LAR",31,10
2022,"Week 17","BAL","PIT",13,16
2022,"Week 18","LV","KC",13,31
2022,"Week 18","JAX","TEN",20,16
2022,"Week 18","ATL","TB",30,17
2022,"Week 18","BUF","NE",35,23
2022,"Week 18","CHI","MIN",13,29
2022,"Week 18","CIN","BAL",27,16
2022,"Week 18","IND","HOU",31,32
2022,"Week 18","MIA","NYJ",11,6
2022,"Week 18","NO","CAR",7,10
2022,"Week 18","PIT","CLE",28,14
2022,"Week 18","DEN","LAC",31,28
2022,"Week 18","PHI","NYG",22,16
2022,"Week 18","SEA","LAR",19,16
2022,"Week 18","SF","ARI",38,13
2022,"Week 18","WAS","DAL",26,6
2022,"Week 18","GB","DET",16,20
2023,"Week 1","KC","DET",20,21
2023,"Week 1","ATL","CAR",24,10
2023,"Week 1","BAL","HOU",25,9
2023,"Week 1","CLE","CIN",24,3
2023,"Week 1","IND","JAX",21,31
2023,"Week 1","MIN","TB",17,20
2023,"Week 1","NO","TEN",16,15
2023,"Week 1","PIT","SF",7,30
2023,"Week 1","WAS","ARI",20,16
2023,"Week 1","CHI","GB",20,38
2023,"Week 1","DEN","LV",16,17
2023,"Week 1","LAC","MIA",34,36
2023,"Week 1","NE","PHI",20,25
2023,"Week 1","SEA","LAR",13,30
2023,"Week 1","NYG","DAL",0,40
2023,"Week 1","NYJ","BUF",22,16
2023,"Week 2","PHI","MIN",34,28
2023,"Week 2","ATL","GB",25,24
2023,"Week 2","BUF","LV",38,10
2023,"Week 2","CIN","BAL",24,27
2023,"Week 2","DET","SEA",31,37
2023,"Week 2","HOU","IND",20,31
2023,"Week 2","JAX","KC",9,17
2023,"Week 2","TB","CHI",27,17
2023,"Week 2","TEN","LAC",27,24
2023,"Week 2","ARI","NYG",28,31
2023,"Week 2","LAR","SF",23,30
2023,"Week 2","DAL","NYJ",30,10
2023,"Week 2","DEN","WAS",33,35
2023,"Week 2","NE","MIA",17,24
2023,"Week 2","CAR","NO",17,20
2023,"Week 2","PIT","CLE",26,22
2023,"Week 3","SF","NYG",30,12
2023,"Week 3","BAL","IND",19,22
2023,"Week 3","CLE","TEN",27,3
2023,"Week 3","DET","ATL",20,6
2023,"Week 3","GB","NO",18,17
2023,"Week 3","JAX","HOU",17,37
2023,"Week 3","MIA","DEN",70,20
2023,"Week 3","MIN","LAC",24,28
2023,"Week 3","NYJ","NE",10,15
2023,"Week 3","WAS","BUF",3,37
2023,"Week 3","SEA","CAR",37,27
2023,"Week 3","ARI","DAL",28,16
2023,"Week 3","KC","CHI",41,10
2023,"Week 3","LV","PIT",18,23
2023,"Week 3","TB","PHI",11,25
2023,"Week 3","CIN","LAR",19,16
2023,"Week 4","GB","DET",20,34
2023,"Week 4","JAX","ATL",23,7
2023,"Week 4","BUF","MIA",48,20
2023,"Week 4","CAR","MIN",13,21
2023,"Week 4","CHI","DEN",28,31
2023,"Week 4","CLE","BAL",3,28
2023,"Week 4","HOU","PIT",30,6
2023,"Week 4","IND","LAR",23,29
2023,"Week 4","NO","TB",9,26
2023,"Week 4","PHI","WAS",34,31
2023,"Week 4","TEN","CIN",27,3
2023,"Week 4","LAC","LV",24,17
2023,"Week 4","DAL","NE",38,3
2023,"Week 4","SF","ARI",35,16
2023,"Week 4","NYJ","KC",20,23
2023,"Week 4","NYG","SEA",3,24
2023,"Week 5","WAS","CHI",20,40
2023,"Week 5","BUF","JAX",20,25
2023,"Week 5","ATL","HOU",21,19
2023,"Week 5","DET","CAR",42,24
2023,"Week 5","IND","TEN",23,16
2023,"Week 5","MIA","NYG",31,16
2023,"Week 5","NE","NO",0,34
2023,"Week 5","PIT","BAL",17,10
2023,"Week 5","ARI","CIN",20,34
2023,"Week 5","LAR","PHI",14,23
2023,"Week 5","DEN","NYJ",21,31
2023,"Week 5","MIN","KC",20,27
2023,"Week 5","SF","DAL",42,10
2023,"Week 5","LV","GB",17,13
2023,"Week 6","KC","DEN",19,8
2023,"Week 6","TEN","BAL",16,24
2023,"Week 6","ATL","WAS",16,24
2023,"Week 6","CHI","MIN",13,19
2023,"Week 6","CIN","SEA",17,13
2023,"Week 6","CLE","SF",19,17
2023,"Week 6","HOU","NO",20,13
2023,"Week 6","JAX","IND",37,20
2023,"Week 6","MIA","CAR",42,21
2023,"Week 6","LV","NE",21,17
2023,"Week 6","LAR","ARI",26,9
2023,"Week 6","NYJ","PHI",20,14
2023,"Week 6","TB","DET",6,20
2023,"Week 6","BUF","NYG",14,9
2023,"Week 6","LAC","DAL",17,20
2023,"Week 7","NO","JAX",24,31
2023,"Week 7","BAL","DET",38,6
2023,"Week 7","CHI","LV",30,12
2023,"Week 7","IND","CLE",38,39
2023,"Week 7","NE","BUF",29,25
2023,"Week 7","NYG","WAS",14,7
2023,"Week 7","TB","ATL",13,16
2023,"Week 7","LAR","PIT",17,24
2023,"Week 7","SEA","ARI",20,10
2023,"Week 7","DEN","GB",19,17
2023,"Week 7","KC","LAC",31,17
2023,"Week 7","PHI","MIA",31,17
2023,"Week 7","MIN","SF",22,17
2023,"Week 8","BUF","TB",24,18
2023,"Week 8","CAR","HOU",15,13
2023,"Week 8","DAL","LAR",43,20
2023,"Week 8","GB","MIN",10,24
2023,"Week 8","IND","NO",27,38
2023,"Week 8","MIA","NE",31,17
2023,"Week 8","NYG","NYJ",10,13
2023,"Week 8","PIT","JAX",10,20
2023,"Week 8","TEN","ATL",28,23
2023,"Week 8","WAS","PHI",31,38
2023,"Week 8","SEA","CLE",24,20
2023,"Week 8","ARI","BAL",24,31
2023,"Week 8","DEN","KC",24,9
2023,"Week 8","SF","CIN",17,31
2023,"Week 8","LAC","CHI",30,13
2023,"Week 8","DET","LV",26,14
2023,"Week 9","PIT","TEN",20,16
2023,"Week 9","KC","MIA",21,14
2023,"Week 9","ATL","MIN",28,31
2023,"Week 9","BAL","SEA",37,3
2023,"Week 9","CLE","ARI",27,0
2023,"Week 9","GB","LAR",20,3
2023,"Week 9","HOU","TB",39,37
2023,"Week 9","NE","WAS",17,20
2023,"Week 9","NO","CHI",24,17
2023,"Week 9","CAR","IND",13,27
2023,"Week 9","LV","NYG",30,6
2023,"Week 9","PHI","DAL",28,23
2023,"Week 9","CIN","BUF",24,18
2023,"Week 9","NYJ","LAC",6,27
2023,"Week 10","CHI","CAR",16,13
2023,"Week 10","NE","IND",6,10
2023,"Week 10","BAL","CLE",31,33
2023,"Week 10","CIN","HOU",27,30
2023,"Week 10","JAX","SF",3,34
2023,"Week 10","MIN","NO",27,19
2023,"Week 10","PIT","GB",23,19
2023,"Week 10","TB","TEN",20,6
2023,"Week 10","ARI","ATL",25,23
2023,"Week 10","LAC","DET",38,41
2023,"Week 10","DAL","NYG",49,17
2023,"Week 10","SEA","WAS",29,26
2023,"Week 10","LV","NYJ",16,12
2023,"Week 10","BUF","DEN",22,24
2023,"Week 11","BAL","CIN",34,20
2023,"Week 11","CAR","DAL",10,33
2023,"Week 11","CLE","PIT",13,10
2023,"Week 11","DET","CHI",31,26
2023,"Week 11","GB","LAC",23,20
2023,"Week 11","HOU","ARI",21,16
2023,"Week 11","JAX","TEN",34,14
2023,"Week 11","MIA","LV",20,13
2023,"Week 11","WAS","NYG",19,31
2023,"Week 11","SF","TB",27,14
2023,"Week 11","BUF","NYJ",32,6
2023,"Week 11","LAR","SEA",17,16
2023,"Week 11","DEN","MIN",21,20
2023,"Week 11","KC","PHI",17,21
2023,"Week 12","DET","GB",22,29
2023,"Week 12","DAL","WAS",45,10
2023,"Week 12","SEA","SF",13,31
2023,"Week 12","NYJ","MIA",13,34
2023,"Week 12","ATL","NO",24,15
2023,"Week 12","CIN","PIT",10,16
2023,"Week 12","HOU","JAX",21,24
2023,"Week 12","IND","TB",27,20
2023,"Week 12","NYG","NE",10,7
2023,"Week 12","TEN","CAR",17,10
2023,"Week 12","ARI","LAR",14,37
2023,"Week 12","DEN","CLE",29,12
2023,"Week 12","LV","KC",17,31
2023,"Week 12","PHI","BUF",37,34
2023,"Week 12","LAC","BAL",10,20
2023,"Week 12","MIN","CHI",10,12
2023,"Week 13","DAL","SEA",41,35
2023,"Week 13","HOU","DEN",22,17
2023,"Week 13","NE","LAC",0,6
2023,"Week 13","NO","DET",28,33
2023,"Week 13","NYJ","ATL",8,13
2023,"Week 13","PIT","ARI",10,24
2023,"Week 13","TEN","IND",28,31
2023,"Week 13","WAS","MIA",15,45
2023,"Week 13","TB","CAR",21,18
2023,"Week 13","LAR","CLE",36,19
2023,"Week 13","PHI","SF",19,42
2023,"Week 13","GB","KC",27,19
2023,"Week 13","JAX","CIN",31,34
2023,"Week 14","PIT","NE",18,21
2023,"Week 14","ATL","TB",25,29
2023,"Week 14","BAL","LAR",37,31
2023,"Week 14","CHI","DET",28,13
2023,"Week 14","CIN","IND",34,14
2023,"Week 14","CLE","JAX",31,27
2023,"Week 14","NO","CAR",28,6
2023,"Week 14","NYJ","HOU",30,6
2023,"Week 14","LV","MIN",0,3
2023,"Week 14","SF","SEA",28,16
2023,"Week 14","KC","BUF",17,20
2023,"Week 14","LAC","DEN",7,24
2023,"Week 14","DAL","PHI",33,13
2023,"Week 14","MIA","TEN",27,28
2023,"Week 14","NYG","GB",24,22
2023,"Week 15","LV","LAC",63,21
2023,"Week 15","CIN","MIN",27,24
2023,"Week 15","IND","PIT",30,13
2023,"Week 15","DET","DEN",42,17
2023,"Week 15","CAR","ATL",9,7
2023,"Week 15","CLE","CHI",20,17
2023,"Week 15","GB","TB",20,34
2023,"Week 15","MIA","NYJ",30,0
2023,"Week 15","NE","KC",17,27
2023,"Week 15","NO","NYG",24,6
2023,"Week 15","TEN","HOU",16,19
2023,"Week 15","ARI","SF",29,45
2023,"Week 15","LAR","WAS",28,20
2023,"Week 15","BUF","DAL",31,10
2023,"Week 15","JAX","BAL",7,23
2023,"Week 15","SEA","PHI",20,17
2023,"Week 16","LAR","NO",30,22
2023,"Week 16","PIT","CIN",34,11
2023,"Week 16","LAC","BUF",22,24
2023,"Week 16","ATL","IND",29,10
2023,"Week 16","CAR","GB",30,33
2023,"Week 16","HOU","CLE",22,36
2023,"Week 16","MIN","DET",24,30
2023,"Week 16","NYJ","WAS",30,28
2023,"Week 16","TEN","SEA",17,20
2023,"Week 16","TB","JAX",30,12
2023,"Week 16","CHI","ARI",27,16
2023,"Week 16","MIA","DAL",22,20
2023,"Week 16","DEN","NE",23,26
2023,"Week 16","KC","LV",14,20
2023,"Week 16","PHI","NYG",33,25
2023,"Week 16","SF","BAL",19,33
2023,"Week 17","CLE","NYJ",37,20
2023,"Week 17","DAL","DET",20,19
2023,"Week 17","BAL","MIA",56,19
2023,"Week 17","BUF","NE",27,21
2023,"Week 17","CHI","ATL",37,17
2023,"Week 17","HOU","TEN",26,3
2023,"Week 17","IND","LV",23,20
2023,"Week 17","JAX","CAR",26,0
2023,"Week 17","NYG","LAR",25,26
2023,"Week 17","PHI","ARI",31,35
2023,"Week 17","TB","NO",13,23
2023,"Week 17","WAS","SF",10,27
2023,"Week 17","SEA","PIT",23,30
2023,"Week 17","DEN","LAC",16,9
2023,"Week 17","KC","CIN",25,17
2023,"Week 17","MIN","GB",10,33
2023,"Week 18","BAL","PIT",10,17
2023,"Week 18","IND","HOU",19,23
2023,"Week 18","CAR","TB",0,9
2023,"Week 18","CIN","CLE",31,14
2023,"Week 18","DET","MIN",30,20
2023,"Week 18","NE","NYJ",3,17
2023,"Week 18","NO","ATL",48,17
2023,"Week 18","TEN","JAX",28,20
2023,"Week 18","ARI","SEA",20,21
2023,"Week 18","GB","CHI",17,9
2023,"Week 18","LAC","KC",12,13
2023,"Week 18","LV","DEN",27,14
2023,"Week 18","NYG","PHI",27,10
2023,"Week 18","SF","LAR",20,21
2023,"Week 18","WAS","DAL",10,38
2023,"Week 18","MIA","BUF",14,21
2024,"Week 1","KC","BAL",27,20
2024,"Week 1","PHI","GB",34,29
2024,"Week 1","ATL","PIT",10,18
2024,"Week 1","BUF","ARI",34,28
2024,"Week 1","CHI","TEN",24,17
2024,"Week 1","CIN","NE",10,16
2024,"Week 1","IND","HOU",27,29
2024,"Week 1","MIA","JAX",20,17
2024,"Week 1","NO","CAR",47,10
2024,"Week 1","NYG","MIN",6,28
2024,"Week 1","LAC","LV",22,10
2024,"Week 1","SEA","DEN",26,20
2024,"Week 1","CLE","DAL",17,33
2024,"Week 1","TB","WAS",37,20
2024,"Week 1","DET","LAR",26,20
2024,"Week 1","SF","NYJ",32,19
2024,"Week 2","MIA","BUF",10,31
2024,"Week 2","BAL","LV",23,26
2024,"Week 2","CAR","LAC",3,26
2024,"Week 2","DAL","NO",19,44
2024,"Week 2","DET","TB",16,20
2024,"Week 2","GB","IND",16,10
2024,"Week 2","JAX","CLE",13,18
2024,"Week 2","MIN","SF",23,17
2024,"Week 2","NE","SEA",20,23
2024,"Week 2","TEN","NYJ",17,24
2024,"Week 2","WAS","NYG",21,18
2024,"Week 2","ARI","LAR",41,10
2024,"Week 2","DEN","PIT",6,13
2024,"Week 2","KC","CIN",26,25
2024,"Week 2","HOU","CHI",19,13
2024,"Week 2","PHI","ATL",21,22
2024,"Week 3","NYJ","NE",24,3
2024,"Week 3","CLE","NYG",15,21
2024,"Week 3","IND","CHI",21,16
2024,"Week 3","MIN","HOU",34,7
2024,"Week 3","NO","PHI",12,15
2024,"Week 3","PIT","LAC",20,10
2024,"Week 3","TB","DEN",7,26
2024,"Week 3","TEN","GB",14,30
2024,"Week 3","LV","CAR",22,36
2024,"Week 3","SEA","MIA",24,3
2024,"Week 3","ARI","DET",13,20
2024,"Week 3","DAL","BAL",25,28
2024,"Week 3","LAR","SF",27,24
2024,"Week 3","ATL","KC",17,22
2024,"Week 3","BUF","JAX",47,10
2024,"Week 3","CIN","WAS",33,38
2024,"Week 4","NYG","DAL",15,20
2024,"Week 4","ATL","NO",26,24
2024,"Week 4","CAR","CIN",24,34
2024,"Week 4","CHI","LAR",24,18
2024,"Week 4","GB","MIN",29,31
2024,"Week 4","HOU","JAX",24,20
2024,"Week 4","IND","PIT",27,24
2024,"Week 4","NYJ","DEN",9,10
2024,"Week 4","TB","PHI",33,16
2024,"Week 4","ARI","WAS",14,42
2024,"Week 4","SF","NE",30,13
2024,"Week 4","LAC","KC",10,17
2024,"Week 4","LV","CLE",20,16
2024,"Week 4","BAL","BUF",35,10
2024,"Week 4","MIA","TEN",12,31
2024,"Week 4","DET","SEA",42,29
2024,"Week 5","ATL","TB",36,30
2024,"Week 5","MIN","NYJ",23,17
2024,"Week 5","CHI","CAR",36,10
2024,"Week 5","CIN","BAL",38,41
2024,"Week 5","HOU","BUF",23,20
2024,"Week 5","JAX","IND",37,34
2024,"Week 5","NE","MIA",10,15
2024,"Week 5","WAS","CLE",34,13
2024,"Week 5","DEN","LV",34,18
2024,"Week 5","SF","ARI",23,24
2024,"Week 5","LAR","GB",19,24
2024,"Week 5","SEA","NYG",20,29
2024,"Week 5","PIT","DAL",17,20
2024,"Week 5","KC","NO",26,13
2024,"Week 6","SEA","SF",24,36
2024,"Week 6","CHI","JAX",35,16
2024,"Week 6","BAL","WAS",30,23
2024,"Week 6","GB","ARI",34,13
2024,"Week 6","NE","HOU",21,41
2024,"Week 6","NO","TB",27,51
2024,"Week 6","PHI","CLE",20,16
2024,"Week 6","TEN","IND",17,20
2024,"Week 6","DEN","LAC",16,23
2024,"Week 6","LV","PIT",13,32
2024,"Week 6","CAR","ATL",20,38
2024,"Week 6","DAL","DET",9,47
2024,"Week 6","NYG","CIN",7,17
2024,"Week 6","NYJ","BUF",20,23
2024,"Week 7","NO","DEN",10,33
2024,"Week 7","JAX","NE",32,16
2024,"Week 7","ATL","SEA",14,34
2024,"Week 7","BUF","TEN",34,10
2024,"Week 7","CLE","CIN",14,21
2024,"Week 7","GB","HOU",24,22
2024,"Week 7","IND","MIA",16,10
2024,"Week 7","MIN","DET",29,31
2024,"Week 7","NYG","PHI",3,28
2024,"Week 7","LAR","LV",20,15
2024,"Week 7","WAS","CAR",40,7
2024,"Week 7","SF","KC",18,28
2024,"Week 7","PIT","NYJ",37,15
2024,"Week 7","TB","BAL",31,41
2024,"Week 7","ARI","LAC",17,15
2024,"Week 8","LAR","MIN",30,20
2024,"Week 8","CIN","PHI",17,37
2024,"Week 8","CLE","BAL",29,24
2024,"Week 8","DET","TEN",52,14
2024,"Week 8","HOU","IND",23,20
2024,"Week 8","JAX","GB",27,30
2024,"Week 8","MIA","ARI",27,28
2024,"Week 8","NE","NYJ",25,22
2024,"Week 8","TB","ATL",26,31
2024,"Week 8","LAC","NO",26,8
2024,"Week 8","SEA","BUF",10,31
2024,"Week 8","DEN","CAR",28,14
2024,"Week 8","LV","KC",20,27
2024,"Week 8","WAS","CHI",18,15
2024,"Week 8","SF","DAL",30,24
2024,"Week 8","PIT","NYG",26,18
2024,"Week 9","NYJ","HOU",21,13
2024,"Week 9","ATL","DAL",27,21
2024,"Week 9","BAL","DEN",41,10
2024,"Week 9","BUF","MIA",30,27
2024,"Week 9","CAR","NO",23,22
2024,"Week 9","CIN","LV",41,24
2024,"Week 9","CLE","LAC",10,27
2024,"Week 9","NYG","WAS",22,27
2024,"Week 9","TEN","NE",20,17
2024,"Week 9","ARI","CHI",29,9
2024,"Week 9","PHI","JAX",28,23
2024,"Week 9","GB","DET",14,24
2024,"Week 9","SEA","LAR",20,26
2024,"Week 9","MIN","IND",21,13
2024,"Week 9","KC","TB",30,24
2024,"Week 10","BAL","CIN",35,34
2024,"Week 10","CAR","NYG",20,17
2024,"Week 10","CHI","NE",3,19
2024,"Week 10","IND","BUF",20,30
2024,"Week 10","JAX","MIN",7,12
2024,"Week 10","KC","DEN",16,14
2024,"Week 10","NO","ATL",20,17
2024,"Week 10","TB","SF",20,23
2024,"Week 10","WAS","PIT",27,28
2024,"Week 10","LAC","TEN",27,17
2024,"Week 10","ARI","NYJ",31,6
2024,"Week 10","DAL","PHI",6,34
2024,"Week 10","HOU","DET",23,26
2024,"Week 10","LAR","MIA",15,23
2024,"Week 11","PHI","WAS",26,18
2024,"Week 11","CHI","GB",19,20
2024,"Week 11","DET","JAX",52,6
2024,"Week 11","MIA","LV",34,19
2024,"Week 11","NE","LAR",22,28
2024,"Week 11","NO","CLE",35,14
2024,"Week 11","NYJ","IND",27,28
2024,"Week 11","PIT","BAL",18,16
2024,"Week 11","TEN","MIN",13,23
2024,"Week 11","DEN","ATL",38,6
2024,"Week 11","SF","SEA",17,20
2024,"Week 11","BUF","KC",30,21
2024,"Week 11","LAC","CIN",34,27
2024,"Week 11","DAL","HOU",10,34
2024,"Week 12","CLE","PIT",24,19
2024,"Week 12","CAR","KC",27,30
2024,"Week 12","CHI","MIN",27,30
2024,"Week 12","HOU","TEN",27,32
2024,"Week 12","IND","DET",6,24
2024,"Week 12","MIA","NE",34,15
2024,"Week 12","NYG","TB",7,30
2024,"Week 12","WAS","DAL",26,34
2024,"Week 12","LV","DEN",19,29
2024,"Week 12","GB","SF",38,10
2024,"Week 12","SEA","ARI",16,6
2024,"Week 12","LAR","PHI",20,37
2024,"Week 12","LAC","BAL",23,30
2024,"Week 13","DET","CHI",23,20
2024,"Week 13","DAL","NYG",27,20
2024,"Week 13","GB","MIA",30,17
2024,"Week 13","KC","LV",19,17
2024,"Week 13","ATL","LAC",13,17
2024,"Week 13","CIN","PIT",38,44
2024,"Week 13","JAX","HOU",20,23
2024,"Week 13","MIN","ARI",23,22
2024,"Week 13","NE","IND",24,25
2024,"Week 13","NYJ","SEA",21,26
2024,"Week 13","WAS","TEN",42,19
2024,"Week 13","CAR","TB",23,26
2024,"Week 13","NO","LAR",14,21
2024,"Week 13","BAL","PHI",19,24
2024,"Week 13","BUF","SF",35,10
2024,"Week 13","DEN","CLE",41,32
2024,"Week 14","DET","GB",34,31
2024,"Week 14","MIA","NYJ",32,26
2024,"Week 14","MIN","ATL",42,21
2024,"Week 14","NYG","NO",11,14
2024,"Week 14","PHI","CAR",22,16
2024,"Week 14","PIT","CLE",27,14
2024,"Week 14","TB","LV",28,13
2024,"Week 14","TEN","JAX",6,10
2024,"Week 14","ARI","SEA",18,30
2024,"Week 14","LAR","BUF",44,42
2024,"Week 14","SF","CHI",38,13
2024,"Week 14","KC","LAC",19,17
2024,"Week 14","DAL","CIN",20,27
2024,"Week 15","SF","LAR",6,12
2024,"Week 15","CAR","DAL",14,30
2024,"Week 15","CLE","KC",7,21
2024,"Week 15","HOU","MIA",20,12
2024,"Week 15","JAX","NYJ",25,32
2024,"Week 15","NO","WAS",19,20
2024,"Week 15","NYG","BAL",14,35
2024,"Week 15","TEN","CIN",27,37
2024,"Week 15","ARI","NE",30,17
2024,"Week 15","DEN","IND",31,13
2024,"Week 15","DET","BUF",42,48
2024,"Week 15","LAC","TB",17,40
2024,"Week 15","PHI","PIT",27,13
2024,"Week 15","SEA","GB",13,30
2024,"Week 15","MIN","CHI",30,12
2024,"Week 15","LV","ATL",9,15
2024,"Week 16","LAC","DEN",34,27
2024,"Week 16","KC","HOU",27,19
2024,"Week 16","BAL","PIT",34,17
2024,"Week 16","ATL","NYG",34,7
2024,"Week 16","CAR","ARI",36,30
2024,"Week 16","CHI","DET",17,34
2024,"Week 16","CIN","CLE",24,6
2024,"Week 16","IND","TEN",38,30
2024,"Week 16","NYJ","LAR",9,19
2024,"Week 16","WAS","PHI",36,33
2024,"Week 16","SEA","MIN",24,27
2024,"Week 16","BUF","NE",24,21
2024,"Week 16","LV","JAX",19,14
2024,"Week 16","MIA","SF",29,17
2024,"Week 16","DAL","TB",26,24
2024,"Week 16","GB","NO",34,0
2024,"Week 17","PIT","KC",10,29
2024,"Week 17","HOU","BAL",2,31
2024,"Week 17","CHI","SEA",3,6
2024,"Week 17","NE","LAC",7,40
2024,"Week 17","CIN","DEN",30,24
2024,"Week 17","LAR","ARI",13,9
2024,"Week 17","BUF","NYJ",40,14
2024,"Week 17","JAX","TEN",20,13
2024,"Week 17","NO","LV",10,25
2024,"Week 17","NYG","IND",45,33
2024,"Week 17","PHI","DAL",41,7
2024,"Week 17","TB","CAR",48,14
2024,"Week 17","CLE","MIA",3,20
2024,"Week 17","MIN","GB",27,25
2024,"Week 17","WAS","ATL",30,24
2024,"Week 17","SF","DET",34,40
2024,"Week 18","BAL","CLE",35,10
2024,"Week 18","PIT","CIN",17,19
2024,"Week 18","ATL","CAR",38,44
2024,"Week 18","DAL","WAS",19,23
2024,"Week 18","GB","CHI",22,24
2024,"Week 18","IND","JAX",26,23
2024,"Week 18","NE","BUF",23,16
2024,"Week 18","PHI","NYG",20,13
2024,"Week 18","TB","NO",27,19
2024,"Week 18","TEN","HOU",14,23
2024,"Week 18","ARI","SF",47,24
2024,"Week 18","DEN","KC",38,0
2024,"Week 18","LAR","SEA",25,30
2024,"Week 18","LV","LAC",20,34
2024,"Week 18","NYJ","MIA",32,20
2024,"Week 18","DET","MIN",31,9
